Adamów siedleckie     2215,        5145,
Adamów zamojskie      2310,        5036,
Adamówka                2242,        5016,
Aleksandrów             1959,        5116,
Aleksandrów Kujawski    1842,        5253,
Aleksandrów Łódzki      1919,        5149,
Alwernia                1932,        5004,
Andrespol               1937,        5144,
Andrychów               1920,        4952,
Andrzejewo              2212,        5250,
Annopol                 2152,        5053,
Augustów                2258,        5351,
Babiak                  1841,        5220,
Babice                  1926,        5004,
Babimost                1550,        5209,
Baborów                 1759,        5009,
Baboszewo               2015,        5242,
Baćkowice               2114,        5048,
Bakałarzewo             2239,        5406,
Baligród                2217,        4921,
Bałtów                  2132,        5101,
Banie                   1438,        5306,
Banie Mazurskie         2203,        5415,
Baranowicze             2602,        5308,
Baranowo                2118,        5311,
Baranów kaliskie      1800,        5116,
Baranów lubelskie     2209,        5134,
Baranów skierniewickie 2028,        5207,
Baranów Sandomierski    2133,        5030,
Barciany                2121,        5413,
Barcin                  1757,        5252,
Barczewo                2041,        5350,
Bardo                   1645,        5031,
Bargłów Kościelny       2250,        5346,
Barlinek                1513,        5259,
Bartoszyce              2048,        5415,
Baruchowo               1915,        5230,
Barwice                 1621,        5344,
Batorz                  2230,        5050,
Bądkowo                 1847,        5242,
Bedlno                  1934,        5213,
Bejsce                  2036,        5015,
Belsk Duży              2049,        5150,
Bełchatów               1922,        5122,
Bełżyce                 2217,        5110,
Bestwina                1903,        4954,
Będków                  1945,        5135,
Będzin                  1908,        5019,
Będzino                 1559,        5412,
Biała opolskie        1740,        5023,
Biała sieradzkie      1827,        5116,
Biała Piska             2204,        5337,
Biała Podlaska          2307,        5202,
Biała Rawska            2029,        5148,
Białaczów               2018,        5118,
Białe Błota             1755,        5306,
Białobrzegi rzeszow.  2221,        5007,
Białobrzegi radomskie 2057,        5139,
Białogard               1559,        5400,
Białopole               2344,        5059,
Białośliwie             1707,        5306,
Białowieża              2352,        5242,
Biały Bór               1650,        5344,
Biały Dunajec           2002,        4922,
Białystok               2310,        5308,
Biecz                   2116,        4944,
Bielany                 2215,        5220,
Bielawa                 1637,        5042,
Bielawy                 1939,        5204,
Bielice                 1443,        5312,
Bieliny                 2055,        5051,
Bielsk                  1948,        5241,
Bielsk Podlaski         2312,        5246,
Bielsko-Biała           1904,        4950,
Bierawa                 1816,        5017,
Bierutów                1733,        5107,
Bierzwnik               1540,        5302,
Biesiekierz             1603,        5408,
Bieżuń                  1952,        5257,
Biłgoraj                2243,        5032,
Bircza                  2228,        4942,
Biskupice               2007,        4958,
Biskupiec toruńskie   1921,        5330,
Biskupiec olsztyńskie 2057,        5352,
Biszcza                 2238,        5025,
Bisztynek               2054,        5405,
Blachownia              1858,        5047,
Bledzew                 1524,        5231,
Blizanów                1801,        5154,
Bliżyn                  2045,        5106,
Błaszki                 1826,        5139,
Błażowa                 2206,        4954,
Błędów                  2042,        5147,
Błonie                  2036,        5212,
Bobolice                1635,        5357,
Bobowa                  2057,        4943,
Bobrowice               1505,        5157,
Bobrowniki katowickie 1859,        5023,
Bobrowniki włocławskie 1858,        5246,
Bobrowo                 1916,        5317,
Bochnia                 2025,        4958,
Boćki                   2302,        5239,
Bodzanów                2002,        5231,
Bodzechów               2123,        5051,
Bodzentyn               2057,        5057,
Bogatynia               1457,        5054,
Bogdaniec               1503,        5241,
Bogoria                 2115,        5039,
Boguchwała              2157,        4959,
Boguszów-Gorce          1612,        5046,
Boguty-Pianki           2225,        5243,
Bojadła                 1549,        5157,
Bojanowo                1645,        5142,
Bojanów                 2157,        5026,
Bolesław                2053,        5016,
Bolesławiec kaliskie  1812,        5112,
Bolesławiec jeleniog. 1534,        5116,
Boleszkowice            1433,        5243,
Bolimów                 2010,        5205,
Bolków                  1606,        5055,
Boniewo                 1854,        5228,
Borek Wielkopolski      1715,        5155,
Borki                   2232,        5144,
Borkowice               2042,        5119,
Borowa                  2121,        5023,
Borowiczki              1945,        5231,
Borowie                 2146,        5157,
Borów                   1700,        5053,
Borysław                2327,        4916,
Borzechów               2217,        5106,
Borzęcin                2042,        5006,
Borzytuchom             1723,        5413,
Branice                 1747,        5003,
Braniewo                1950,        5423,
Brańsk                  2250,        5245,
Brańszczyk              2136,        5237,
Brasław                 2702,        5538,
Brąszewice              1827,        5130,
Brodnica poznańskie   1653,        5209,
Brodnica toruńskie    1924,        5315,
Brody kieleckie       2114,        5102,
Brody zielonogórskie  1445,        5145,
Brody                   2510,        5006,
Brojce                  1521,        5357,
Brok                    2151,        5242,
Brójce                  1938,        5140,
Brudzeń Duży            1929,        5240,
Brudzew                 1836,        5206,
Brusy                   1744,        5353,
Brwinów                 2043,        5208,
Brzeg                   1729,        5052,
Brzeg Dolny             1643,        5116,
Brzesko                 2037,        4958,
Brzeszcze               1909,        4959,
Brześć Kujawski         1853,        5237,
Brześć nad Bugiem       2342,        5206,
Brzeziny kaliskie     1816,        5136,
Brzeziny skierniewic. 1945,        5148,
Brzeźnica bielskie    1937,        4958,
Brzeźnica zielonogór. 1524,        5143,
Brzeźnio                1838,        5130,
Brzeźno                 1547,        5342,
Brzeżany                2456,        4927,
Brzostek                2125,        4953,
Brzozie                 1936,        5319,
Brzozów                 2202,        4942,
Brzuze                  1915,        5303,
Brzyska                 2123,        4949,
Buczacz                 2523,        4904,
Buczek                  1910,        5130,
Budry                   2153,        5415,
Budzów                  1941,        4947,
Budzyń                  1659,        5254,
Buk                     1631,        5222,
Bukowiec                1814,        5326,
Bukowina Tatrzańska     2006,        4920,
Bukowno                 1926,        5016,
Bukowsko                2203,        4929,
Bulkowo                 2007,        5233,
Burzenin                1850,        5127,
Busko Zdrój             2048,        5028,
Bychawa                 2233,        5101,
Byczyna                 1813,        5107,
Bydgoszcz               1800,        5307,
Bystrzyca Kłodzka       1638,        5018,
Bytnica                 1509,        5209,
Bytom                   1854,        5023,
Bytom Odrzański         1550,        5144,
Bytoń                   1835,        5234,
Bytów                   1730,        5410,
Cedry Wielkie           1851,        5415,
Cedynia                 1412,        5253,
Cegłów                  2144,        5209,
Cekcyn                  1801,        5335,
Ceków-Kolonia           1818,        5153,
Celestynów              2123,        5203,
Ceranów                 2214,        5238,
Cewice                  1744,        5427,
Charsznica              1956,        5025,
Chąśno                  1956,        5211,
Chełm                   2329,        5108,
Chełmek                 1914,        5006,
Chełmiec                2040,        4938,
Chełmno                 1826,        5321,
Chełmża                 1836,        5312,
Chęciny                 2027,        5048,
Chlewiska               2046,        5115,
Chłopice                2241,        4957,
Chmielnik               2045,        5037,
Chmielnik Rzeszowski    2207,        4959,
Chmielno                1806,        5420,
Choceń                  1901,        5230,
Chocianów               1554,        5125,
Chociwel                1519,        5327,
Chocz                   1753,        5158,
Choczewo                1753,        5445,
Chodecz                 1902,        5224,
Chodel                  2208,        5107,
Chodów                  1902,        5215,
Chodzież                1655,        5259,
Chojna                  1425,        5258,
Chojnice                1733,        5342,
Chojnów                 1556,        5117,
Choreszcz               2259,        5309,
Chorkówka               2141,        4939,
Choroszcz               2259,        5309,
Chorzele                2053,        5316,
Chorzów                 1857,        5018,
Choszczno               1524,        5310,
Chotcza                 2145,        5214,
Chrostkowo              1915,        5357,
Chrzanów katowickie   1924,        5008,
Chrzanów tarnobrzeskie2236,        5046,
Chrząstowice            1804,        5040,
Chrzypsko Wielkie       1614,        5238,
Chybie                  1849,        4954,
Chynów                  2105,        5154,
Ciasna                  1837,        5046,
Ciechanowiec            2230,        5241,
Ciechanów               2038,        5252,
Ciechocin               1856,        5304,
Ciechocinek             1847,        5253,
Cielądz                 2021,        5143,
Ciepielów               2135,        5115,
Ciepłowody              1655,        5041,
Cieplice Śląskie-Zdrój  1541,        5052,
Cieszanów               2308,        5014,
Cieszków                1722,        5138,
Cieszyn                 1838,        4945,
Ciężkowice              2058,        4948,
Cisek                   1813,        5017,
Cisna                   2220,        4913,
Cmolas                  2145,        5018,
Cybinka                 1448,        5212,
Cyców                   2308,        5118,
Czajków                 1821,        5129,
Czaplinek               1614,        5333,
Czarna krośnieńskie   2241,        4919,
Czarna tarnowskie     2115,        5004,
Czarna rzeszowskie    2212,        5007,
Czarna Białostocka      2318,        5318,
Czarna Dąbrówka         1734,        5422,
Czarne                  1656,        5342,
Czarnia                 2111,        5321,
Czarnków                1634,        5254,
Czarnocin kieleckie   2031,        5021,
Czarnocin piotrkowskie 1941,        5135,
Czrnożyły               1834,        5117,
Czarny Bór              1607,        5046,
Czarny Dunajec          1952,        4927,
Czastary                1820,        5116,
Czchów                  2041,        4950,
Czechowice-Dziedzice    1901,        4950,
Czemierniki             2238,        5141,
Czempiń                 1645,        5208,
Czeremcha               2321,        5231,
Czermin rzeszowskie   2120,        5020,
Czermin kaliskie      1745,        5157,
Czernica                1715,        5103,
Czernice Borowe         2043,        5302,
Czernichów              1941,        4959,
Czerniejewo             1729,        5226,
Czerniewice             2010,        5139,
Czernikowo              1856,        5257,
Czersk                  1758,        5348,
Czerwieńsk              1526,        5201,
Czerwin                 2146,        5257,
Czerwińsk nad Wisłą     2018,        5223,
Czerwonak               1659,        5228,
Czerwonka               2112,        5253,
Częstochowa             1907,        5048,
Człopa                  1606,        5305,
Człuchów                1721,        5341,
Czorsztyn               2019,        4926,
Czosnów                 2043,        5224,
Czudec                  2151,        4957,
Czyże                   2326,        5247,
Czyżew-Osada            2218,        5248,
Ćmielów                 2131,        5054,
Daleszyce               2048,        5048,
Dalików                 1906,        5153,
Damasławek              1730,        5250,
Damnica                 1717,        5430,
Darłowo                 1624,        5425,
Daszyna                 1911,        5209,
Dawidgródek             2714,        5203,
Dąbie konińskie       1849,        5205,
Dąbie zielonogórskie  1510,        5201,
Dąbrowa opolskie      1745,        5041,
Dąbrowa bydgoskie     1757,        5244,
Dąbrowa Białostocka     2321,        5339,
Dąbrowa Biskupia        1832,        5247,
Dąbrowa Chełmińska      1818,        5311,
Dąbrowa Górnicza        1916,        5019,
Dąbrowa Tarnowska       2059,        5011,
Dąbrowa Zielona         1933,        5051,
Dąbrowice               1905,        5219,
Dąbrówka                2117,        5229,
Dąbrówno                2003,        5326,
Debrzno                 1714,        5333,
Deszczno                1518,        5240,
Dębe Wielkie            2126,        5212,
Dębica                  2125,        5003,
Dęblin                  2152,        5134,
Dębnica Kaszubska       1710,        5423,
Dębno tarnowskie      2043,        4958,
Dębno gorzowskie      1442,        5244,
Dębowa Kłoda            2301,        5136,
Dębowa Łąka             1906,        5315,
Dębowiec krośnieńskie 2128,        4941,
Dębowiec bielskie     1843,        4948,
Długołęka               1712,        5110,
Długosiodło             2136,        5246,
Dłutów                  1924,        5133,
Dmosin                  1945,        5155,
Dobczyce                2006,        4953,
Dobiegniew              1545,        5258,
Dobra konińskie       1837,        5155,
Dobra nowosądeckie    2015,        4943,
Dobra szczecińskie    1423,        5329,
Dobra szczecińskie    1518,        5334,
Dobrcz                  1809,        5316,
Dobre siedleckie      2141,        5219,
Dobre włocławskie     1833,        5241,
Dobre Miasto            2024,        5359,
Dobrodzień              1827,        5044,
Dobromierz              1615,        5055,
Dobromil                2247,        4934,
Dobroszyce              1721,        5116,
Dobryszyce              1925,        5109,
Dobrzany                1525,        5321,
Dobrzelin               1937,        5214,
Dobrzeń Wielki          1751,        5046,
Dobrzyca                1737,        5152,
Dobrzyniewo Kościelne   2303,        5312,
Dobrzyń nad Wisłą       1920,        5239,
Dolice                  1512,        5311,
Dolsk                   1704,        5159,
Dołhobyczów             2402,        5035,
Domaniewice             1948,        5201,
Domaniów                1708,        5059,
Domaradz                2159,        4948,
Domaszowice             1753,        5103,
Dominowo                1722,        5218,
Dopiewo                 1640,        5221,
Dorohusk                2349,        5109,
Doruchów                1805,        5125,
Dragacz                 1844,        5330,
Drawno                  1545,        5313,
Drawsko                 1602,        5251,
Drawsko Pomorskie       1548,        5332,
Drelów                  2253,        5155,
Drezdenko               1549,        5251,
Drobin                  1959,        5244,
Drohiczyn               2239,        5224,
Drohobycz               2330,        4921,
Drużbice                1924,        5127,
Drwinia                 2026,        5006,
Drzewica                2028,        5127,
Drzycim                 1819,        5331,
Dubeninki               2234,        5418,
Dubicze Cerkiewne       2326,        5239,
Dubiecko                2224,        4950,
Dubienka                2353,        5103,
Dukla                   2141,        4933,
Duszniki                1624,        5227,
Duszniki-Zdrój          1623,        5024,
Dwikozy                 2147,        5044,
Dydnia                  2212,        4941,
Dygowo                  1543,        5408,
Dynów                   2214,        4949,
Dywity                  2029,        5350,
Dziadkowice             2254,        5234,
Dziadowa Kłoda          1742,        5114,
Działdowo               2011,        5314,
Działoszyce             2021,        5022,
Działoszyn              1852,        5107,
Dziemiany               1747,        5401,
Dzierzążnia             2014,        5238,
Dzierzgoń               1921,        5356,
Dzierzgowo              2039,        5309,
Dzierzkowice            2205,        5058,
Dzierżoniów             1638,        5043,
Dziwnów                 1445,        5402,
Dzwola                  2235,        5042,
Dźwierzuty              2058,        5342,
Elbląg                  1924,        5410,
Ełk                     2221,        5329,
Fabianki                1906,        5243,
Fajsławice              2257,        5106,
Fałków                  2006,        5108,
Filipów                 2237,        5411,
Firlej                  2231,        5134,
Frampol                 2241,        5041,
Fredropol               2245,        4942,
Frombork                1941,        5421,
Frysztak                2137,        4950,
Gać                     2222,        5002,
Galewice                1816,        5120,
Garbatka-Letnisko       2137,        5130,
Garbów                  2221,        5121,
Gardeja                 1857,        5337,
Garwolin                2138,        5154,
Gaszowice               1826,        5007,
Gaworzyce               1553,        5138,
Gąbin                   1943,        5224,
Gąsawa                  1745,        5246,
Gdańsk                  1838,        5422,
Gdów                    2012,        4954,
Gdynia                  1832,        5432,
Giby                    2322,        5402,
Gidle                   1928,        5058,
Gielniów                2028,        5124,
Gierałtowice            1843,        5013,
Gietrzwałd              2015,        5345,
Gilowice-Ślemień        1918,        4942,
Gizałki                 1747,        5203,
Giżycko                 2147,        5402,
Glinojeck               2017,        5249,
Gliwice                 1840,        5017,
Głębokie                2741,        5508,
Głogów                  1605,        5139,
Głogów Malopolski       2158,        5009,
Głogówek                1751,        5021,
Głowaczów               2120,        5138,
Głowno                  1943,        5158,
Główczyce               1722,        5437,
Głubczyce               1750,        5012,
Głuchołazy              1723,        5019,
Głuchów                 2004,        5147,
Głusk                   2236,        5112,
Głuszyca                1622,        5041,
Gniew                   1849,        5351,
Gniewino                1801,        5443,
Gniewkowo               1825,        5254,
Gniewoszów              2149,        5128,
Gniezno                 1736,        5232,
Gnojnik                 2036,        4954,
Gnojno                  2051,        5037,
Godkowo                 1954,        5405,
Godów                   1829,        4956,
Godzianów               2002,        5153,
Godziesze Wielkie       1811,        5139,
Godziszów               2229,        5046,
Gogolin                 1802,        5030,
Golczewo                1458,        5359,
Goleniów                1449,        5333,
Goleszów                1844,        4944,
Golina                  1806,        5215,
Golub-Dobrzyń           1903,        5307,
Gołańcz                 1718,        5257,
Gołcza                  1955,        5021,
Gołdap                  2218,        5418,
Gołuchów                1756,        5151,
Gołymin-Ośrodek         2053,        5248,
Gomunice                1929,        5110,
Goniądz                 2244,        5329,
Goraj                   2241,        5043,
Gorlice                 2110,        4940,
Gorzkowice              1936,        5113,
Gorzków                 2300,        5056,
Gorzów Śląski           1826,        5102,
Gorzów Wielkopolski     1514,        5244,
Gorzyce katowickie    1824,        4958,
Gorzyce tarnobrzeskie 2150,        5040,
Gostycyn                1748,        5329,
Gostynin                1928,        5225,
Gostyń                  1701,        5153,
Goszczanów              1831,        5147,
Goszczyn                2052,        5144,
Gościeradów             2200,        5052,
Gościno                 1538,        5403,
Gowarczów               2027,        5117,
Goworowo                2134,        5254,
Gozdnica                1506,        5126,
Gozdowo                 1941,        5244,
Góra                    1633,        5140,
Góra Kalwaria           2113,        5159,
Góra Świętej Małgorzaty 1919,        5203,
Górno                   2049,        5051,
Górowo Iławieckie       2030,        5417,
Górzno siedleckie     2143,        5151,
Górzno toruńskie      1938,        5312,
Górzyca                 1438,        5229,
Gózd                    2123,        5123,
Grabica                 1932,        5129,
Grabowiec               2333,        5049,
Grabowo                 2209,        5328,
Grabów                  1901,        5207,
Grabów nad Pilicą       2114,        5144,
Grabów nad Prosną       1807,        5130,
Grajewo                 2227,        5339,
Granowo                 1632,        5213,
Grążawy                 1934,        5315,
Grębków                 2155,        5216,
Grębocice               1610,        5136,
Gręboszów               2047,        5015,
Grębów                  2153,        5034,
Grodków                 1723,        5042,
Grodno                  2350,        5341,
Grodziczno              1946,        5325,
Grodziec                1804,        5202,
Grodzisk                2245,        5235,
Grodzisk Mazowiecki     2037,        5206,
Grodzisk Wielkopolski   1622,        5214,
Grodzisko Dolne         2228,        5010,
Gromadka                1546,        5122,
Gromnik                 2057,        4950,
Gronowo Elbląskie       1918,        5405,
Gródek                  2340,        5306,
Gródek nad Dunajcem     2044,        4945,
Grójec                  2052,        5152,
Grudusk                 2036,        5304,
Grudziądz               1846,        5329,
Grunwald                2005,        5333,
Gruta                   1858,        5327,
Grybów                  2057,        4938,
Gryfice                 1512,        5354,
Gryfino                 1429,        5315,
Gryfów Śląski           1525,        5102,
Grzegorzew              1844,        5212,
Grzmiąca                1626,        5350,
Gubin                   1443,        5157,
Gzy                     2056,        5245,
Haczów                  2154,        4940,
Hajnówka                2335,        5245,
Halinów                 2121,        5214,
Hanna                   2331,        5143,
Hańsk                   2324,        5124,
Harasiuki               2229,        5028,
Haźlach                 1837,        4948,
Hel                     1848,        5436,
Herby                   1853,        5040,
Horodło                 2403,        5054,
Horyniec                2322,        5012,
Hrubieszów              2353,        5048,
Huszlew                 2250,        5208,
Hyżne                   2211,        4955,
Igołomia-Wawrzeńczyce   2018,        5006,
Iława                   1934,        5336,
Iłowa                   1512,        5130,
Iłowo-Osada             2018,        5310,
Iłów                    2002,        5221,
Iłża                    2115,        5110,
Imielno                 2026,        5035,
Inowłódz                2013,        5132,
Inowrocław              1815,        5248,
Ińsko                   1532,        5326,
Irządze                 1941,        5038,
Istebna                 1854,        4934,
Iwaniska                2116,        5044,
Iwanowice               1959,        5014,
Iwierzyce               2146,        5002,
Iwkowa                  2035,        4950,
Iwonicz-Zdrój           2148,        4934,
Izbica                  2310,        5054,
Izbica Kujawska         1846,        5225,
Izbicko                 1810,        5034,
Jabłonka                1942,        4929,
Jabłonna lubelskie    2236,        5105,
Jabłonna warszawskie  2054,        5223,
Jabłonna Lacka          2227,        5229,
Jabłonowo               1904,        5324,
Jabłonowo Pomorskie     1904,        5324,
Jabłoń                  2305,        5143,
Jadów                   2138,        5229,
Jaktorów                2032,        5205,
Jakubów                 2141,        5213,
Janikowo                1806,        5245,
Janowice Wielkie        1555,        5053,
Janowiec                2154,        5119,
Janowiec Kościelny      2031,        5318,
Janowiec Wielkopolski   1729,        5245,
Janowo                  2040,        5319,
Janów częstochowskie  1926,        5043,
Janów białostockie    2314,        5328,
Janów Lubelski          2225,        5042,
Janów Podlaski          2313,        5212,
Jaraczewo               1718,        5158,
Jarczów                 2335,        5026,
Jarocin tarnobrzeskie 2220,        5034,
Jarocin kaliskie      1730,        5158,
Jarosław                2242,        5002,
Jasienica               1856,        4949,
Jasienica Rosielna      2157,        4945,
Jasieniec               2056,        5149,
Jasień                  1501,        5145,
Jasionówka              2302,        5324,
Jasło                   2128,        4944,
Jastarnia               1840,        5442,
Jastków                 2227,        5119,
Jastrowie               1649,        5326,
Jastrząb                2057,        5114,
Jastrzębia              2112,        5128,
Jastrzębie-Zdrój        1835,        4957,
Jaświły                 2258,        5324,
Jawor                   1612,        5104,
Jawornik Polski         2217,        4954,
Jaworzno                1916,        5013,
Jaworzyna Śląska        1626,        5055,
Jedlicze                2138,        4943,
Jedlina-Zdrój           1621,        5043,
Jedlińsk                2102,        5131,
Jedlnia-Letnisko        2119,        5126,
Jednorożec              2103,        5309,
Jedwabne                2218,        5317,
Jedwabno                2044,        5332,
Jelcz-Laskowice         1719,        5101,
Jelenia Góra            1544,        5054,
Jeleniewo               2255,        5413,
Jeleśnia                1919,        4939,
Jemielnica              1823,        5033,
Jemielno                1633,        5132,
Jerzmanowa              1603,        5136,
Jerzmanowice-Przeginia  1945,        5012,
Jeziora Wielkie         1816,        5232,
Jeziorany               2045,        5358,
Jeziorzany              2217,        5136,
Jeżewo                  1829,        5331,
Jeżowe                  2210,        5023,
Jeżów                   1958,        5148,
Jeżów Sudecki           1545,        5056,
Jędrzejów               2018,        5039,
Jodłowa                 2119,        4953,
Jodłownik               2014,        4947,
Joniec                  2035,        5236,
Jonkowo                 2019,        5350,
Jordanów                1950,        4939,
Jordanów Śląski         1652,        5052,
Józefów zamojskie     2304,        5029,
Józefów lubelskie     2151,        5102,
Józefów warszawskie   2114,        5209,
Juchnowiec Dolny        2308,        5301,
Jutrosin                1711,        5138,
Kaczory                 1652,        5307,
Kadzidło                2128,        5314,
Kalety                  1854,        5034,
Kalinowo                2241,        5353,
Kaliska                 1813,        5355,
Kalisz                  1806,        5146,
Kalisz Pomorski         1554,        5317,
Kalwaria Zebrzydowska   1940,        4953,
Kałuszyn                2149,        5213,
Kamienica               2021,        4934,
Kamienica Polska        1909,        5041,
Kamieniec               1627,        5210,
Kamieniec Ząbkowicki    1652,        5032,
Kamienna Góra           1602,        5047,
Kamiennik               1709,        5034,
Kamień rzeszowskie    2209,        5020,
Kamień chełmskie      2335,        5106,
Kamień Koszyrski        2458,        5138,
Kamień Krajeński        1731,        5332,
Kamień Pomorski         1446,        5358,
Kamieńsk                1930,        5113,
Kamionka                2228,        5129,
Kamionka Strumiłowa     2420,        5007,
Kamionka Wielka         2049,        4935,
Kampinos                2028,        5216,
Kańczuga                2225,        4959,
Karczew                 2115,        5204,
Karczmiska              2201,        5114,
Kargowa                 1552,        5204,
Karlino                 1553,        5402,
Karnice                 1503,        5401,
Karniewo                2059,        5250,
Karpacz                 1544,        5047,
Karsin                  1755,        5354,
Kartuzy                 1812,        5420,
Katowice                1900,        5015,
Kawęczyn                1832,        5154,
Kazanów                 2128,        5117,
Kazimierz Biskupi       1810,        5219,
Kazimierz Dolny         2158,        5119,
Kazimierza Wielka       2029,        5016,
Kaźmierz                1635,        5230,
Kąkolewnica Wschodnia   2242,        5154,
Kąty Wrocławskie        1646,        5102,
Kcynia                  1729,        5259,
Kędzierzyn-Koźle        1812,        5021,
Kępice                  1652,        5415,
Kępno                   1759,        5117,
Kęsowo                  1734,        5334,
Kętrzyn                 2123,        5405,
Kęty                    1913,        4953,
Kielce                  2037,        5053,
Kiełczygłów             1859,        5114,
Kiernozia               1952,        5216,
Kietrz                  1801,        5005,
Kije                    2034,        5036,
Kijewo Królewskie       1827,        5316,
Kikół                   1907,        5255,
Kisielice               1915,        5336,
Kiszkowo                1716,        5235,
Kiwerce                 2527,        5050,
Kiwity                  2046,        5406,
Kleczew                 1811,        5222,
Klembów                 2120,        5224,
Kleszczele              2320,        5235,
Kleszczewo              1710,        5220,
Kleszczów               1918,        5113,
Klimontów               2127,        5040,
Klonowa                 1826,        5125,
Kluczbork               1813,        5058,
Klucze                  1934,        5020,
Kluczewsko              1955,        5056,
Kluki                   1914,        5121,
Klukowo                 2231,        5247,
Klwów                   2038,        5132,
Kłaj                    2018,        5000,
Kłecko                  1726,        5237,
Kłobuck                 1856,        5055,
Kłoczew                 2158,        5144,
Kłodawa konińskie     1855,        5215,
Kłodawa gorzowskie    1512,        5247,
Kłodzko                 1639,        5027,
Kłomnice                1922,        5056,
Knurów                  1841,        5013,
Knyszyn                 2255,        5318,
Kobiele Wielkie         1937,        5102,
Kobierzyce              1656,        5058,
Kobryń                  2421,        5213,
Kobyla Góra             1751,        5123,
Kobylanka               1451,        5321,
Kobylin                 1714,        5142,
Kobylin-Borzymy         2241,        5306,
Kobylnica               1659,        5427,
Kobyłka                 2111,        5221,
Kochanowice             1845,        5043,
Kocierzew Południowy    2001,        5214,
Kock                    2227,        5139,
Kocmyrzów-Luborzyca     2006,        5008,
Koczała                 1704,        5354,
Kodeń                   2237,        5155,
Kodrąb                  1938,        5106,
Kolbudy Górne           1827,        5416,
Kolbuszowa              2147,        5014,
Kolno łomżyńskie      2156,        5324,
Kolno olsztyńskie     2100,        5359,
Kolonowskie             1823,        5039,
Kolsko                  1558,        5157,
Koluszki                1949,        5145,
Kołaczkowo              1737,        5213,
Kołaczyce               2126,        4948,
Kołaki Kościelne        2223,        5301,
Kołbaskowo              1425,        5320,
Kołbiel                 2129,        5204,
Kołczygłowy             1714,        5414,
Koło                    1839,        5212,
Kołobrzeg               1534,        5410,
Kołomyja                2504,        4832,
Komańcza                2204,        4921,
Komarów-Osada           2329,        5038,
Komarówka Podlaska      2257,        5148,
Komorniki               1648,        5221,
Komprachcice            1749,        5038,
Konarzyny               1722,        5350,
Kondratowice            1656,        5046,
Koneck                  1843,        5247,
Koniecpol               1941,        5047,
Konin                   1816,        5213,
Koniusza                2013,        5012,
Konopiska               1901,        5044,
Konopnica               1850,        5121,
Konstancin-Jeziorna     2108,        5205,
Konstantynów            2305,        5212,
Konstantynów Łódzki     1920,        5145,
Końskie                 2025,        5112,
Końskowola              2204,        5125,
Koprzywnica             2135,        5036,
Korczew                 2237,        5222,
Korczyna                2149,        4943,
Korfantów               1736,        5029,
Koronowo                1756,        5319,
Korsze                  2108,        5410,
Korytnica               2151,        5225,
Korzenna                2051,        4941,
Kosakowo                1829,        5436,
Kosów Lacki             2209,        5235,
Kostomłoty              1632,        5103,
Kostopol                2626,        5053,
Kostrzyn poznańskie   1713,        5224,
Kostrzyn gorzowskie   1438,        5236,
Koszalin                1611,        5411,
Koszarawa               1924,        4938,
Koszęcin                1851,        5038,
Koszyce                 2034,        5011,
Kościan                 1639,        5205,
Kościelec               1834,        5211,
Kościerzyna             1758,        5407,
Kotla                   1602,        5145,
Kotlin                  1739,        5155,
Kotuń                   2204,        5211,
Kowal                   1909,        5232,
Kowala                  2104,        5119,
Kowale Oleckie          2226,        5410,
Kowalewo                1854,        5310,
Kowalewo Pomorskie      1854,        5310,
Kowary                  1549,        5048,
Kowel                   2441,        5114,
Kowiesy                 2026,        5153,
Koziegłowy              1910,        5036,
Kozielice               1448,        5306,
Kozienice               2133,        5135,
Kozłowo                 2018,        5319,
Kozłów                  2001,        5029,
Kozy                    1909,        4951,
Koźmin                  1727,        5149,
Koźminek                1821,        5148,
Kożuchow                1536,        5145,
Kórnik                  1705,        5215,
Krajenka                1659,        5323,
Kraków                  1957,        5003,
Kraków Krowodrza        1958,        5005,
Kraków Nowa Huta        2005,        5005,
Kraków Podgórze         1955,        5001,
Kraków Śródmieście      1958,        5004,
Kramsk                  1826,        5216,
Krapkowice              1758,        5028,
Krasiczyn               2240,        4947,
Krasne rzeszowskie    2206,        5003,
Krasne ciechanowskie  2059,        5255,
Krasnobród              2314,        5033,
Krasnopol               2312,        5407,
Krasnosielc             2109,        5302,
Krasnystaw              2311,        5059,
Krasocin                2007,        5054,
Kraszewice              1815,        5130,
Kraśniczyn              2322,        5056,
Kraśnik                 2214,        5055,
Krempna                 2131,        4931,
Krobia                  1659,        5147,
Kroczyce                1935,        5034,
Krokowa                 1810,        5446,
Krosno                  2146,        4942,
Krosno Odrzańskie       1506,        5202,
Krościenko nad Dunajcem 2025,        4926,
Krośnice                1722,        5128,
Krośniewice             1910,        5216,
Krotoszyce              1603,        5109,
Krotoszyn               1726,        5141,
Kruklanki               2156,        5405,
Kruszwica               1819,        5241,
Kruszyna                1917,        5058,
Krynica                 2058,        4926,
Krynice                 2323,        5035,
Krynki                  2347,        5316,
Krypno                  2253,        5317,
Krzanowice              1808,        5001,
Krzczonów               2242,        5101,
Krzemieniec             2545,        5007,
Krzemieniewo            1651,        5151,
Krzepice                1844,        5058,
Krzeszowice             1938,        5008,
Krzeszów                2221,        5025,
Krzeszyce               1500,        5235,
Krzęcin                 1529,        5305,
Krzykosy                1722,        5207,
Krzymów                 1827,        5212,
Krzynowłoga Mała        2047,        5309,
Krzywcza                2233,        4948,
Krzywda                 2212,        5148,
Krzywiń                 1649,        5158,
Krzyż                   1600,        5253,
Krzyżanowice            1817,        4959,
Krzyżanów               1928,        5211,
Książ Wielki            2008,        5027,
Książ Wielkopolski      1714,        5203,
Książki                 1904,        5320,
Księżpol                2244,        5025,
Kuczbork-Osada          2002,        5305,
Kudowa-Zdrój            1615,        5027,
Kulesze Kościelne       2231,        5301,
Kunice                  1615,        5114,
Kunów                   2117,        5058,
Kurów                   2212,        5124,
Kuryłówka               2129,        5018,
Kurzętnik               1934,        5324,
Kuślin                  1619,        5222,
Kutno                   1922,        5214,
Kuźnia Raciborska       1820,        5012,
Kuźnica                 2339,        5331,
Kwidzyn                 1856,        5344,
Kwilcz                  1605,        5233,
Lanckorona              1934,        4951,
Laskowa                 2027,        4946,
Lasowice Wielkie        1814,        5053,
Laszki                  2254,        5002,
Latowicz                2149,        5202,
Lądek                   1757,        5212,
Lądek-Zdrój             1652,        5021,
Legionowo               2056,        5225,
Legnica                 1610,        5113,
Legnickie Pole          1615,        5109,
Lelis                   2134,        5311,
Lelkowo                 2014,        5419,
Lelów                   1937,        5041,
Leoncin                 2032,        5224,
Lesko                   2220,        4928,
Leszczyny               1839,        5008,
Leszno                  1634,        5151,
Leszno warszawskie    2036,        5216,
Lesznowola              2056,        5205,
Leśna                   1516,        5101,
Leśna Podlaska          2301,        5208,
Leśnica                 1812,        5026,
Leśniowice              2329,        5059,
Lewin Brzeski           1737,        5045,
Leżajsk                 2226,        5016,
Lębork                  1745,        5433,
Lgota Wielka            1919,        5109,
Libiąż                  1919,        5007,
Lichnowy                1855,        5407,
Lida                    2518,        5353,
Lidzbark                1949,        5316,
Lidzbark Warmiński      2035,        5407,
Limanowa                2025,        4943,
Linia                   1756,        5428,
Liniewo                 1814,        5404,
Lipce Reymontowskie     1956,        5154,
Lipiany                 1452,        5300,
Lipie                   1848,        5101,
Lipinki                 2118,        4940,
Lipinki Łużyckie        1500,        5138,
Lipka                   1715,        5330,
Lipno                   1910,        5251,
Lipnica                 1724,        5359,
Lipnica Murowana        2031,        4951,
Lipnik                  2130,        5044,
Lipno leszczyńskie    1634,        5155,
Lipno włocławskie     1911,        5251,
Lipowa                  1905,        4941,
Lipowiec Kościelny      2010,        5306,
Lipsk                   2324,        5344,
Lipsko                  2140,        5109,
Lipusz                  1748,        5406,
Lisewo                  1841,        5318,
Lisia Góra              2101,        5005,
Lisków                  1824,        5149,
Liszki                  1946,        5003,
Liw                     2157,        5223,
Lniano                  1813,        5332,
Lubaczów                2308,        5009,
Lubanie                 1856,        5245,
Lubań                   1518,        5107,
Lubartów                2237,        5127,
Lubasz                  1631,        5251,
Lubawa                  1945,        5330,
Lubawka                 1600,        5042,
Lubenia                 2156,        4956,
Lubichowo               1823,        5352,
Lubicz                  1846,        5303,
Lubień                  1958,        4943,
Lubień Kujawski         1910,        5224,
Lubiewo                 1802,        5328,
Lubin                   1612,        5124,
Lubiszyn                1456,        5246,
Lublin                  2234,        5114,
Lubliniec               1841,        5040,
Lubniewice              1515,        5231,
Lubochnia               2003,        5137,
Lubomia                 1819,        5003,
Lubomierz               1531,        5101,
Lubomino                2015,        5404,
Luboml                  2401,        5114,
Luboń                   1653,        5221,
Lubowidz                1951,        5307,
Lubraniec               1850,        5233,
Lubrza opolskie       1738,        5020,
Lubrza zielonogórskie 1458,        5147,
Lubsko                  1458,        5147,
Lubsza                  1731,        5055,
Lubycza Królewska       2331,        5020,
Ludwin                  2255,        5121,
Lutocin                 1946,        5259,
Lutomiersk              1913,        5145,
Lutowiska               2242,        4916,
Lututów                 1826,        5122,
Luzino                  1807,        5434,
Lwów                    2400,        4950,
Lwówek                  1611,        5227,
Lwówek Śląski           1535,        5107,
Lyski                   1823,        5007,
Łabiszyn                1755,        5257,
Łabowa                  2051,        4932,
Łabunie                 2322,        5039,
Ładzice                 1921,        5105,
Łagiewniki              1651,        5048,
Łagów kieleckie       2105,        5047,
Łagów zielonogórskie  1518,        5220,
Łambinowice             1733,        5032,
Łanięta                 1917,        5222,
Łańcut                  2214,        5004,
Łapanów                 2017,        4952,
Łapsze Niżne            2014,        4924,
Łapy                    2253,        5259,
Łasin                   1905,        5331,
Łask                    1908,        5136,
Łaskarzew               2137,        5148,
Łaszczów                2343,        5032,
Łaziska                 2153,        5109,
Łazy                    1924,        5026,
Łąck                    1937,        5028,
Łącko                   2026,        4934,
Łeba                    1733,        5447,
Łęczna                  2253,        5118,
Łęczyca                 1912,        5203,
Łęczyce                 1752,        5436,
Łęka Opatowska          1806,        5113,
Łęki Szlacheckie        1948,        5111,
Łęknica                 1444,        5133,
Łobez                   1537,        5338,
Łobżenica               1715,        5316,
Łochów                  2142,        5232,
Łodygowice              1909,        4943,
Łomazy                  2311,        5154,
Łomianki                2053,        5220,
Łomża                   2204,        5311,
Łoniów                  2132,        5034,
Łopiennik Górny         2302,        5103,
Łopuszno                2015,        5057,
Łosice                  2243,        5213,
Łososina Dolna          2036,        4944,
Łowicz                  1956,        5206,
Łódź                    1928,        5147,
Łódź Bałuty             1924,        5148,
Łódź Górna              1927,        5143,
Łódź Polesie            1923,        5146,
Łódź Śródmieście        1927,        5147,
Łódź Widzew             1933,        5146,
Łubianka                1828,        5308,
Łubniany                1800,        5047,
Łubnice tarnobrzeskie 2109,        5025,
Łubnice kaliskie      1817,        5110,
Łubowo                  1728,        5231,
Łuck                    2520,        5044,
Łukowa                  2257,        5023,
Łukowica                2029,        4937,
Łuków                   2223,        5156,
Łukta                   2005,        5348,
Łużna                   2102,        4943,
Łyse                    2134,        5322,
Łysomice                1836,        5306,
Łyszkowice              1954,        5159,
Maciejowice             2134,        5142,
Magnuszew               2124,        5146,
Majdan Królewski        2145,        5023,
Maków                   2003,        5157,
Maków Mazowiecki        2106,        5252,
Maków Podhalański       1939,        4944,
Malanów                 1824,        5157,
Malbork                 1902,        5402,
Malczyce                1629,        5113,
Malechowo               1630,        5418,
Mała Wieś               2006,        5228,
Małdyty                 1944,        5355,
Małkinia Górna          2202,        5242,
Małogoszcz              2016,        5049,
Małomice                1527,        5133,
Mały Płock              2202,        5318,
Manowo                  1618,        5407,
Marcinowice             1635,        5053,
Marciszów               1602,        5051,
Margonin                1705,        5258,
Marianowo               1516,        5323,
Marki                   2106,        5220,
Markowa                 2220,        5002,
Markusy                 1922,        5403,
Markuszów               2216,        5123,
Masłowice               1947,        5107,
Masłów                  2043,        5054,
Maszewo szczecińskie  1503,        5330,
Maszewo zielonogórskie 1454,        5204,
Medyka                  2257,        4948,
Mełgiew                 2247,        5114,
Męcinka                 1606,        5104,
Mędrzechów              2057,        5017,
Miastko                 1658,        5400,
Miastkowo               2150,        5309,
Miastków Kościelny      2150,        5153,
Miączyn                 2331,        5044,
Michałowice krakowskie 1959,        5010,
Michałowice warszaw.  2053,        5209,
Michałowo               2337,        5302,
Michałów                2023,        5030,
Michów                  2219,        5131,
Miechów                 2002,        5021,
Miedziana Góra          2033,        5056,
Miedzichowo             1557,        5223,
Miedzna                 2206,        5228,
Miedźna                 1904,        4959,
Miedźno                 1859,        5058,
Miejsce Piastowe        2148,        4938,
Miejska Górka           1658,        5139,
Mielec                  2126,        5017,
Mieleszyn               1730,        5240,
Mielnik                 2303,        5220,
Mielno                  1604,        5416,
Mieroszów               1611,        5040,
Mierzęcice              1908,        5027,
Mieszkowice             1429,        5247,
Mieścisko               1720,        5245,
Mietków                 1639,        5059,
Międzybórz              1740,        5123,
Międzychód              1553,        5236,
Międzylesie             1641,        5009,
Międzyrzecz             1534,        5231,
Międzyrzecz Podlaski    2248,        5159,
Międzyzdroje            1426,        5356,
Miękinia                1644,        5112,
Mikołajki               2135,        5348,
Mikołajki Pomorskie     1910,        5351,
Mikołów                 1854,        5010,
Mikstat                 1758,        5132,
Milanów                 2254,        5142,
Milanówek               2039,        5207,
Milejczyce              2308,        5232,
Milejowo                1932,        5413,
Milejów                 2256,        5113,
Milicz                  1717,        5132,
Milówka                 1905,        4934,
Miłakowo                2005,        5401,
Miłki                   2153,        5357,
Miłkowice               1604,        5116,
Miłomłyn                1950,        5346,
Miłoradz                1855,        5401,
Miłosław                1730,        5213,
Mińsk Mazowiecki        2133,        5211,
Mircze                  2354,        5039,
Mirosławiec             1605,        5320,
Mirów                   2103,        5111,
Mirsk                   1523,        5058,
Mirzec                  2103,        5108,
Mława                   2023,        5307,
Młodzieszyn             2012,        5218,
Młynary                 1943,        5411,
Mniów                   2029,        5101,
Mniszków                2002,        5122,
Mochowo                 1933,        5246,
Modliborzyce            2220,        5045,
Mogielnica              2043,        5142,
Mogilany                1953,        4956,
Mogilno                 1757,        5239,
Mokobody                2207,        5216,
Mokrsko                 1829,        5111,
Mołodeczna              2649,        5419,
Mońki                   2248,        5325,
Morawica                2037,        5045,
Morąg                   1956,        5355,
Mordy                   2231,        5213,
Moryń                   1422,        5251,
Morzeszczyn             1841,        5351,
Mosina                  1650,        5214,
Moskorzew               1956,        5039,
Moszczenica nowosąd.  2106,        4944,
Moszczenica piotrkow. 1942,        5130,
Mrągowo                 2118,        5352,
Mrocza                  1736,        5315,
Mrozy                   2149,        5210,
Mstów                   1917,        5049,
Mszana                  1832,        4958,
Mszana Dolna            2004,        4941,
Mszczonów               2031,        5159,
Mściwojów               1617,        5103,
Mucharz                 1933,        4949,
Murowana Goślina        1700,        5234,
Murów                   1757,        5052,
Muszyna                 2055,        4921,
Mycielin                1815,        5156,
Mykanów                 1911,        5056,
Mysłakowice             1547,        5051,
Mysłowice               1908,        5014,
Myszków                 1920,        5035,
Myszyniec               2121,        5323,
Myślenice               1957,        4950,
Myślibórz               1451,        5255,
Nadarzyn                2048,        5206,
Nagłowice-Oksa          2006,        5040,
Nakło nad Notecią       1735,        5309,
Nałęczów                2213,        5117,
Namysłów                1743,        5104,
Narew                   2332,        5255,
Narewka                 2345,        5251,
Narol                   2320,        5021,
Naruszewo               2021,        5232,
Nasielsk                2048,        5236,
Nawojowa                2045,        4934,
Nekla                   1725,        5222,
Nędza                   1819,        5010,
Nidzica                 2025,        5321,
Nieborów                2004,        5204,
Niebylec                2154,        4952,
Niechanowo              1741,        5228,
Niechlów                1622,        5142,
Niedrzwica Duża         2223,        5107,
Niedźwiada              2242,        5133,
Niedźwiedź              2005,        4938,
Niegosławice            1543,        5135,
Niegowa                 1929,        5038,
Nielisz                 2303,        5048,
Niemce                  2238,        5121,
Niemcza                 1650,        5043,
Niemodlin               1737,        5038,
Niepołomice             2013,        5002,
Nieporęt                2102,        5225,
Nieszawa                1854,        5250,
Nieszczyce              1624,        5133,
Nisko                   2208,        5031,
Niwiska                 2138,        5013,
Nowa Brzeźnica          1911,        5105,
Nowa Dęba               2146,        5026,
Nowa Karczma            1812,        5408,
Nowa Ruda               1631,        5035,
Nowa Sarzyna            2221,        5020,
Nowa Słupia             2105,        5052,
Nowa Sól                1543,        5148,
Nowa Sucha              2011,        5209,
Nowa Wieś Lęborska      1745,        5433,
Nowa Wieś Wielka        1706,        5258,
Nowe                    1843,        5338,
Nowe Brzesko            2022,        5008,
Nowe Miasteczko         1544,        5142,
Nowe Miasto             2038,        5239,
Nowe Miasto Lubawskie   1935,        5326,
Nowe Miasto nad Pilicą  2034,        5137,
Nowe Miasto nad Wartą   1725,        5205,
Nowe Ostrowy            1912,        5218,
Nowe Piekuty            2243,        5253,
Nowe Skalmierzyce       1800,        5143,
Nowe Warpno             1417,        5343,
Nowinka                 2258,        5355,
Nowodwór                2205,        5139,
Nowogard                1508,        5340,
Nowogrodziec            1523,        5112,
Nowogród                2154,        5314,
Nowogród Bobrzański     1615,        5148,
Nowogród Pomorski       1501,        5254,
Nowogródek              2550,        5336,
Nowosolna               1935,        5148,
Nowy Duninów            1928,        5235,
Nowy Dwór               2333,        5338,
Nowy Dwór Gdański       1906,        5413,
Nowy Dwór Mazowiecki    2043,        5226,
Nowy Kawęczyn           2015,        5153,
Nowy Korczyn            2049,        5019,
Nowy Sącz               2042,        4937,
Nowy Staw               1900,        5403,
Nowy Targ               2002,        4929,
Nowy Tomyśl             1608,        5219,
Nowy Wiśnicz            2027,        4955,
Nowy Żmigród            2132,        4937,
Nozdrzec                2213,        4947,
Nur                     2219,        5241,
Nurzec-Stacja           2305,        5228,
Nysa                    1720,        5028,
Oborniki                1649,        5238,
Oborniki Śląskie        1655,        5118,
Obrazów                 2139,        5041,
Obrowo                  1853,        5158,
Obryte                  2115,        5243,
Obrzycko                1631,        5242,
Obsza                   2258,        5019,
Ochotnica Dolna         2019,        4932,
Odolanów                1740,        5134,
Odrzywół                2033,        5131,
Ogrodzieniec            1931,        5027,
Ojrzeń                  2033,        5247,
Okonek                  1651,        5332,
Olecko                  2230,        5402,
Olesno częstochowskie 1825,        5053,
Olesno tarnowskie     2056,        5013,
Oleszyce                2302,        5010,
Oleśnica kieleckie    2104,        5028,
Oleśnica wrocławskie  1723,        5112,
Olkusz                  1904,        5017,
Olszanica               2227,        4929,
Olszanka bialskopodl. 2240,        5209,
Olszanka opolskie     1729,        5048,
Olszewo-Borki           2131,        5304,
Olszówka                1852,        5211,
Olsztyn                 2030,        5347,
Olsztyn częstochowskie 1916,        5045,
Olsztynek               2017,        5335,
Olszyna                 1522,        5104,
Oława                   1718,        5057,
Opalenica               1624,        5219,
Opatowiec               2043,        5015,
Opatów częstochowskie 1848,        5058,
Opatów tarnobrzeskie  2125,        5049,
Opatówek                1813,        5144,
Opinogóra Górna         2043,        5255,
Opoczno                 2017,        5123,
Opole                   1756,        5040,
Opole Lubelskie         2159,        5109,
Oporów                  1934,        5216,
Orchowo                 1801,        5230,
Orla                    2320,        5242,
Orły                    2248,        4953,
Orneta                  2008,        5407,
Orońsko                 2059,        5119,
Orzesze                 1845,        5009,
Orzysz                  2157,        5348,
Osie                    1821,        5336,
Osieck                  2126,        5158,
Osieczna                1812,        5347,
Osiecznica              1525,        5120,
Osiek bielskie        1905,        4957,
Osiek gdańskie        1829,        5343,
Osiek tarnobrzeskie   2126,        5031,
Osiek toruńskie       1923,        5310,
Osiek Jasielski         2129,        4938,
Osiek Mały              1836,        5216,
Osielsko                1804,        5311,
Osięciny                1843,        5238,
Osina                   1501,        5336,
Osjaków                 1848,        5118,
Ostaszewo               1857,        5413,
Ostrołęka               2135,        5305,
Ostroróg                1626,        5238,
Ostrowice               1558,        5338,
Ostrowiec Świętokrzyski 2123,        5051,
Ostrowite               1803,        5223,
Ostróda                 1958,        5342,
Ostróg                  2631,        5020,
Ostrów                  2136,        5006,
Ostrów Lubelski         2252,        5130,
Ostrów Mazowiecka       2153,        5248,
Ostrów Wielkopolski     1749,        5138,
Ostrówek lubelskie    2237,        5135,
Ostrówek sieradzkie   1837,        5121,
Ostrzeszów              1756,        5125,
Oszmina                 2556,        5425,
Ośno                    1452,        5227,
Ośno Lubuskie           1452,        5227,
Oświęcim                1908,        5002,
Otmuchów                1710,        5028,
Otwock                  2115,        5207,
Otyń                    1543,        5151,
Ozimek                  1813,        5041,
Ozorków                 1917,        5158,
Ożarów                  2140,        5053,
Ożarów Mazowiecki       2048,        5213,
Pabianice               1922,        5140,
Pacanów                 2102,        5024,
Pacyna                  1943,        5218,
Paczków                 1701,        5028,
Padew Narodowa          2131,        5026,
Pajęczno                1900,        5109,
Pakosław                1704,        5137,
Pakosławice             1722,        5032,
Pakość                  1805,        5248,
Panki                   1845,        5053,
Papowo Biskupie         1834,        5315,
Paprotnia               2228,        5218,
Paradyż                 2006,        5119,
Parchowo                1741,        5413,
Parczew                 2255,        5138,
Parysów                 2142,        5158,
Parzęczew               1912,        5157,
Pasłęk                  1940,        5404,
Pasym                   2047,        5339,
Paszowice               1611,        5102,
Pawłosiów               2240,        5000,
Pawłowice               1843,        4958,
Pawłowiczki             1803,        5015,
Pawłów                  2107,        5058,
Pawonków                1835,        5042,
Pątnów                  1838,        5108,
Pcim                    1958,        4945,
Pelplin                 1842,        5356,
Pełczyce                1518,        5302,
Perlejewo               2234,        5234,
Perzów                  1749,        5116,
Pęcław                  1614,        5138,
Pęczniew                1844,        5149,
Pępowo                  1707,        5146,
Piaseczno               2102,        5204,
Piaski leszczyńskie   1704,        5153,
Piaski lubelskie      2251,        5108,
Piastów                 2051,        5211,
Piątek                  1928,        5204,
Piątnica                2205,        5311,
Piechowice              1535,        5051,
Piecki                  2120,        5345,
Piekary Śląskie         1857,        5023,
Piekoszów               2027,        5053,
Pielgrzymka             1549,        5107,
Pieniężno               2008,        5414,
Pieńsk                  1502,        5115,
Pierzchnica             2044,        5042,
Pieszyce                1635,        5043,
Pietrowice Wielkie      1905,        5005,
Pilawa                  2132,        5157,
Pilchowice              1834,        5013,
Pilica                  1939,        5029,
Pilzno                  2117,        4959,
Piła                    1645,        5310,
Piława Górna            1644,        5041,
Pińczów                 2032,        5032,
Pińsk                   2604,        5207,
Pionki                  2127,        5129,
Piotrków Trybunalski    1941,        5124,
Piotrków Kujawski       1830,        5233,
Pisz                    2148,        5338,
Piszczac                2323,        5159,
Piwniczna               2042,        4926,
Platerów                2249,        5218,
Platerówka              1511,        5104,
Pleszew                 1747,        5153,
Pleśna                  2056,        4956,
Płaska                  2316,        5354,
Płock                   1942,        5233,
Płoniawy-Bramura        2104,        5259,
Płońsk                  2023,        5238,
Płoskinia               1956,        5416,
Płośnica                2001,        5316,
Płoty                   1516,        5348,
Płużnica                1847,        5318,
Pniewy poznańskie     1616,        5231,
Pniewy radomskie      2044,        5155,
Pobiedziska             1717,        5228,
Poczesna                1909,        5043,
Poddębice               1857,        5153,
Podedwórze              2313,        5141,
Podegrodzie             2036,        4935,
Podgórzyn               1541,        5050,
Podkowa Leśna           2043,        5207,
Pogorzela               1714,        5148,
Pokój                   1730,        5054,
Pokrzywnica             2101,        5238,
Polanica-Zdrój          1631,        5024,
Polanów                 1641,        5407,
Police                  1433,        5333,
Policzna                2138,        5127,
Polkowice               1604,        5136,
Polska Cerekiew         1809,        5014,
Połajewo                1643,        5247,
Połaniec                2117,        5026,
Połczyn-Zdrój           1606,        5345,
Pomiechówek             2044,        5228,
Poniatowa               2205,        5112,
Poniec                  1648,        5146,
Popielów                1744,        5049,
Popów                   1857,        5102,
Poraj                   1913,        5041,
Porąbka                 1913,        4949,
Postomino               1642,        5430,
Poświętne białostockie 2250,        5255,
Poświętne piotrkowskie 2022,        5132,
Poświętne siedleckie  2125,        5220,
Potęgowo                1729,        5429,
Potok Górny             2232,        5023,
Potok Wielki            2214,        5047,
Potworów                2043,        5131,
Pozezdrze               2152,        5408,
Poznań                  1655,        5225,
Poznań Grunwald         1654,        5223,
Poznań Jeżyce           1647,        5227,
Poznań Nowe Miasto      1701,        5223,
Poznań Stare Miasto     1656,        5225,
Poznań Wilda            1656,        5223,
Prabuty                 1912,        5346,
Praszka                 1827,        5103,
Prażmów                 2059,        5157,
Prochowice              1623,        5117,
Promna                  2058,        5141,
Prostki                 2226,        5342,
Proszowice              2017,        5012,
Prószków                1753,        5035,
Pruchnik                2232,        4954,
Prudnik                 1736,        5019,
Prusice                 1652,        5122,
Pruszcz                 1812,        5320,
Pruszcz Gdański         1838,        5416,
Pruszków                2048,        5210,
Przasnysz               2053,        5301,
Przechlewo              1715,        5348,
Przeciszów              2022,        5000,
Przecław                2129,        5012,
Przedbórz               1952,        5106,
Przedecz                1854,        5220,
Przelewice              1505,        5306,
Przemęt                 1618,        5201,
Przemków                1547,        5132,
Przemyśl                2247,        4948,
Przerośl                2239,        5415,
Przesmyki               2235,        5217,
Przeworno               1711,        5041,
Przeworsk               2229,        5003,
Przewóz                 1458,        5128,
Przodkowo               1817,        5423,
Przybiernów             1446,        5345,
Przygodzice             1750,        5135,
Przykona                1837,        5158,
Przyłęk                 2145,        5119,
Przyrów                 1931,        5048,
Przystajń               1841,        5053,
Przysucha               2038,        5122,
Przytoczna              1540,        5235,
Przytuły                2219,        5322,
Przytyk                 2055,        5128,
Przywidz                1819,        5412,
Psary                   1908,        5023,
Pszczew                 1546,        5228,
Pszczółki               1841,        5411,
Pszczyna                1857,        4959,
Puchaczów               2259,        5118,
Puck                    1824,        5444,
Puławy                  2158,        5125,
Pułtusk                 2105,        5243,
Puńsk                   2311,        5415,
Purda                   2042,        5343,
Puszcza Mariańska       2021,        5159,
Puszczykowo             1650,        5217,
Pyrzyce                 1453,        5308,
Pyskowice               1838,        5024,
Pysznica                2208,        5034,
Pyzdry                  1741,        5210,
Raba Wyżna              1953,        4934,
Rabka                   1957,        4937,
Rachanie                2333,        5033,
Raciąż                  2007,        5247,
Raciążek                1848,        5251,
Racibórz                1814,        5005,
Raciechowice            2008,        4950,
Racławice-Pałecznica    2014,        5020,
Raczki                  2247,        5359,
Radecznica              2250,        5046,
Radgoszcz               2107,        5013,
Radków częstochowskie 1959,        5043,
Radków wałbrzyskie    1624,        5030,
Radłów częstochowskie 1832,        5056,
Radłów tarnowskie     2051,        5005,
Radom                   2110,        5124,
Radomin                 1912,        5305,
Radomsko                1927,        5104,
Radomyśl                2157,        5041,
Radomyśl Wielki         2117,        5012,
Radoszyce               2016,        5104,
Radowo Małe             1527,        5340,
Radymno                 2250,        4957,
Radwanice               1552,        5134,
Radzanowo               1953,        5235,
Radzanów                2005,        5257,
Radziechowy-Wieprz      1910,        4938,
Radziejowice            2033,        5201,
Radziejów               1831,        5238,
Radziemnice             2014,        5015,
Radziłów                2225,        5325,
Radziwiłłówka           2302,        5222,
Radzymin                2111,        5225,
Radzyń Chełmiński       1856,        5323,
Radzyń Podlaski         2238,        5148,
Rajcza                  1906,        4930,
Rajgród                 2242,        5344,
Rakoniewice             1616,        5209,
Raków                   2102,        5041,
Rakszawa                2214,        5012,
Raniżów                 2159,        5016,
Raszków                 1744,        5143,
Raszyn                  2055,        5208,
Rataje                  1926,        5226,
Rawa Mazowiecka         2016,        5146,
Rawa Ruska              2337,        5014,
Rawicz                  1652,        5136,
Rąbino                  1556,        5352,
Recz                    1533,        5315,
Reda                    1820,        5437,
Regimin                 2034,        5257,
Rejowiec                2318,        5106,
Rejowiec Fabryczny      2316,        5107,
Reńska Wieś             1809,        5019,
Repki                   2224,        5223,
Resko                   1524,        5346,
Reszel                  2109,        5403,
Rewal                   1500,        5404,
Ręczno                  1951,        5111,
Rędziny                 1913,        5052,
Rogowo bydgoskie      1739,        5243,
Rogowo włocławskie    1923,        5258,
Rogoźno                 1659,        5245,
Rogów                   1953,        5149,
Rogóźno                 1856,        5333,
Rohatyń                 2437,        4925,
Rojewo                  1817,        5254,
Rokiciny                1947,        5140,
Rokietnica poznańskie 1645,        5231,
Rokietnica przemyskie 2239,        4954,
Rokitno                 2318,        5208,
Ropczyce                2137,        5003,
Rossosz                 2309,        5152,
Rościszewo              1946,        5254,
Rozdrażew               1731,        5146,
Rozogi                  2122,        5329,
Rozprza                 1938,        5118,
Roźwienica              2236,        4957,
Równe                   2615,        5037,
Różan                   2124,        5253,
Ruciane-Nida            2134,        5339,
Ruda-Huta               2336,        5114,
Ruda Maleniecka         2013,        5119,
Ruda Śląska             1852,        5016,
Rudna                   1616,        5131,
Rudnik katowickie     1812,        5008,
Rudnik tarnobrzeskie  2216,        5027,
Rudnik zamojskie      2259,        5053,
Rudniki                 1836,        5102,
Rudziniec               1825,        5022,
Ruja                    1624,        5111,
Rumia                   1824,        5434,
Rusiec                  1859,        5119,
Rusinów                 2035,        5126,
Rutka-Tartak            2258,        5419,
Rutki                   2226,        5306,
Rybczewice              2251,        5102,
Rybnik                  1833,        5005,
Rybno                   1956,        5323,
Rychliki                1931,        5359,
Rychtal                 1751,        5109,
Rychwał                 1810,        5204,
Ryczywół                1650,        5248,
Rydzyna                 1640,        5148,
Ryglice                 2108,        4953,
Ryjewo                  1857,        5351,
Ryki                    2157,        5137,
Rymanów                 2153,        4934,
Rymań                   1532,        5356,
Ryn                     2132,        5356,
Rypin                   1924,        5304,
Rytwiany                2112,        5032,
Rząśnia                 1903,        5114,
Rząśnik                 2121,        5243,
Rzeczenica              1706,        5346,
Rzeczniów               2127,        5108,
Rzeczyca                2018,        5136,
Rzekuń                  2138,        5303,
Rzepiennik Strzyżewski  2102,        4948,
Rzepin                  1449,        5221,
Rzeszów                 2201,        5003,
Rzewnie                 2121,        5251,
Rzezawa                 2031,        5000,
Rzgów konińskie       1803,        5209,
Rzgów łódzkie         1930,        5140,
Sabnie                  2218,        5230,
Sadki                   1727,        5310,
Sadkowice               2031,        5144,
Sadlinki                1853,        5340,
Sadowie                 2123,        5051,
Sadowne                 2151,        5238,
Sambor                  2311,        4932,
Samborzec               2139,        5039,
Sandomierz              2145,        5041,
Sanniki                 1952,        5220,
Sanok                   2213,        4933,
Santok                  1524,        5244,
Sarnaki                 2253,        5219,
Sarny                   2636,        5121,
Sawin                   2327,        5116,
Secemin                 1950,        5046,
Sejny                   2321,        5406,
Serniki                 2240,        5126,
Serock                  2104,        5231,
Serokomla               2219,        5142,
Sędziejowice            1902,        5131,
Sędziszów               2004,        5035,
Sędziszów Małopolski    2142,        5004,
Sękowa                  2112,        4937,
Sępopol                 2101,        5416,
Sępólno Krajeńskie      1732,        5327,
Sianów                  1618,        5413,
Sicienko                1747,        5313,
Sidra                   2327,        5333,
Sieciechów              2145,        5133,
Siedlce                 2217,        5211,
Siedlec                 1600,        5203,
Siedlisko               1548,        5146,
Siedliszcze             2310,        5112,
Siekierczyn             1512,        5108,
Siemianowice Śląskie    1902,        5018,
Siemiatycze             2252,        5226,
Siemiątkowo Koziebródz. 2001,        5253,
Siemień                 2236,        5138,
Siemkowice              1854,        5112,
Siemyśl                 1532,        5402,
Sieniawa                2237,        5011,
Siennica                2137,        5206,
Siennica Różana         2320,        5100,
Sienno                  2129,        5106,
Siepraw                 1958,        4955,
Sieradz                 1844,        5136,
Sierakowice             1753,        5422,
Sieraków                1605,        5239,
Sieroszewice            1759,        5138,
Sierpc                  1940,        5252,
Siewierz                1914,        5028,
Silnowo                 1629,        5337,
Sitkówka-Nowiny         2034,        5049,
Sitno                   2323,        5045,
Skalbmierz              2024,        5020,
Skała                   1951,        5014,
Skarszewy               1827,        5405,
Skaryszew               2115,        5119,
Skarżysko-Kamienna      2051,        5107,
Skawina                 1949,        4959,
Skąpe                   1527,        5209,
Skępe                   1921,        5252,
Skierbieszów            2322,        5051,
Skierniewice            2008,        5158,
Skoczów                 1843,        4948,
Skoki                   1709,        5240,
Skołyszyn               2121,        4945,
Skomlin                 1823,        5110,
Skoroszyce              1722,        5035,
Skórcz                  1832,        5348,
Skórzec                 2208,        5207,
Skrwilno                1937,        5301,
Skrzeszew               2053,        5228,
Skrzyszów               2106,        4959,
Skulsk                  1820,        5229,
Skwierzyna              1529,        5236,
Słaboszów               2017,        5023,
Sława                   1604,        5153,
Sławatycze              2334,        5146,
Sławków                 1920,        5017,
Sławno piotrkowskie   2009,        5123,
Sławno słupskie       1639,        5422,
Sławoborze              1542,        5353,
Słomniki                2005,        5015,
Słonim                  2519,        5306,
Słońsk                  1448,        5234,
Słubice gorzowskie    1434,        5221,
Słubice płockie       1956,        5223,
Słupca                  1753,        5217,
Słupia kieleckie      1958,        5036,
Słupia skierniewickie 1958,        5151,
Słupsk                  1702,        5428,
Smętowo Graniczne       1841,        5346,
Smołdzino               1713,        5440,
Sobienie-Jeziory        2119,        5156,
Sobków                  2027,        5042,
Sobolew                 2141,        5144,
Sobótka                 1645,        5054,
Sochaczew               2013,        5214,
Sochocin                2028,        5242,
Sokolniki               1821,        5118,
Sokołów Małopolski      2207,        5014,
Sokołów Podlaski        2216,        5224,
Sokoły                  2242,        5259,
Sokółka                 2330,        5324,
Solec Kujawski          1814,        5305,
Solec nad Wisłą         2147,        5108,
Solec-Zdrój             2053,        5022,
Solina                  2227,        4924,
Somianka                2117,        5233,
Somonino                1812,        5417,
Sompolno                1830,        5223,
Sońsk                   2043,        5247,
Sopot                   1833,        5426,
Sorkwity                2109,        5351,
Sosnowica               2305,        5131,
Sosnowiec               1908,        5017,
Sosnówka                2320,        5146,
Sośnicowice             1832,        5016,
Sośnie                  1737,        5128,
Sośno                   1741,        5324,
Spiczyn                 2246,        5121,
Spytkowice              1930,        5000,
Srokowo                 2131,        5413,
Stalowa Wola            2205,        5034,
Stanin                  2212,        5153,
Stanisławów siedleckie 2133,        5218,
Stanisławów             2443,        4855,
Stara Biała             1938,        5237,
Stara Błotnica          2059,        5133,
Stara Dąbrowa           1508,        5325,
Stara Kamienica         1534,        5055,
Stara Kiszewa           1810,        5359,
Stara Kornica           2257,        5211,
Starachowice            2104,        5102,
Stare Babice            2051,        5215,
Stare Bogaczowice       1611,        5052,
Stare Czarnowo          1446,        5317,
Stare Juchy             2211,        5356,
Stare Kurowo            1540,        5252,
Stare Miasto            1813,        5211,
Stare Pole              1912,        5403,
Stargard Szczeciński    1502,        5320,
Starogard Gdański       1832,        5358,
Staroźreby              1958,        5238,
Stary Brus              2318,        5129,
Stary Dzierzgoń         1925,        5351,
Stary Dzikowiec         2151,        5016,
Staru Dzików            2256,        5014,
Stary Lubotyń           2156,        5257,
Stary Sącz              2038,        4934,
Stary Targ              1910,        5356,
Stary Zamość            2311,        5049,
Staszów                 2110,        5034,
Stawiguda               2024,        5339,
Stawiski                2210,        5323,
Stawiszyn               1806,        5155,
Stąporków               2033,        5109,
Stegna                  1906,        5420,
Stepnica                1437,        5339,
Sterdyń                 2217,        5234,
Stęszew                 1641,        5217,
Stężyca                 1757,        5413,
Stoczek                 2154,        5233,
Stoczek Łukowski        2158,        5158,
Stolno                  1830,        5319,
Stopnica                2056,        5026,
Stoszowice              1638,        5036,
Strachówka              2138,        5225,
Strawczyn               2025,        5057,
Stromiec                2106,        5139,
Stronie Śląskie         1652,        5018,
Strumień                1846,        4955,
Stryj                   2351,        4916,
Stryków                 1935,        5154,
Stryszawa               1932,        4943,
Stryszów                1937,        4950,
Strzałkowo              1749,        5219,
Strzegom                1621,        5058,
Strzegowo-Osada         2017,        5254,
Strzelce                1924,        5219,
Strzelce Krajeńskie     1531,        5253,
Strzelce Opolskie       1818,        5031,
Strzelce Wielkie        1908,        5108,
Strzeleczki             1751,        5028,
Strzelin                1704,        5047,
Strzelno                1810,        5238,
Strzyżewice             2227,        5103,
Strzyżów                2147,        4952,
Stubno                  2258,        4953,
Studzienice             1735,        5406,
Stupsk                  2027,        5301,
Subkowy                 1846,        5401,
Sucha Beskidzka         1929,        4944,
Suchań                  1519,        5317,
Suchedniów              2050,        5103,
Suchowola               2306,        5335,
Suchożebry              2216,        5216,
Suchy Las               1653,        5228,
Sulechów                1537,        5205,
Sulejów                 1952,        5122,
Sulejówek               2116,        5213,
Sulęcin                 1507,        5227,
Sulęczyno               1746,        5414,
Sulików                 1504,        5104,
Sulmierzyce             1912,        5111,
Sułkowice               1948,        4952,
Sułoszowa               1944,        5017,
Sułów                   2258,        5046,
Supraśl                 2320,        5313,
Suraż                   2257,        5257,
Susiec                  2312,        5025,
Susz                    1921,        5343,
Suszec                  1848,        5002,
Suwałki                 2256,        5406,
Swarzędz                1704,        5224,
Syców                   1743,        5118,
Sypniewo                2118,        5301,
Szadek                  1859,        5142,
Szamocin                1707,        5302,
Szamotuły               1634,        5236,
Szastarka               2219,        5052,
Szczaniec               1541,        5216,
Szczawin Kościelny      1937,        5223,
Szczawnica              2028,        4926,
Szczawno-Zdrój          1616,        5049,
Szczebrzeszyn           2259,        5042,
Szczecin                1434,        5326,
Szczecinek              1641,        5343,
Szczekociny             1948,        5038,
Szczerców               1907,        5120,
Szczucin                2104,        5019,
Szczuczyn               2218,        5334,
Szczurowa               5008,        2038,
Szczutowo               1934,        5256,
Szczyrk                 1902,        4943,
Szczytna                1626,        5025,
Szczytniki              1820,        5141,
Szczytno                2059,        5334,
Szelków                 2113,        5250,
Szemud                  1814,        5429,
Szepietowo              2233,        5252,
Szerzyny                2114,        4949,
Szklarska Poręba        1532,        5050,
Szlichtyngowa           1615,        5143,
Szprotawa               1532,        5134,
Szreńsk                 2007,        5301,
Sztabin                 2307,        5341,
Sztum                   1902,        5356,
Sztutowo                1910,        5420,
Szubin                  1745,        5301,
Szudziałowo             2340,        5317,
Szumowo                 2206,        5256,
Szydłowiec              2051,        5114,
Szydłowo                1636,        5310,
Szydłów                 2100,        5036,
Szypliszki              2304,        5415,
Ścinawa                 1626,        5125,
Ślesin                  1818,        5222,
Śliwice                 1810,        5343,
Śmigiel                 1632,        5201,
Śniadowo                2159,        5302,
Śrem                    1701,        5205,
Środa Śląska            1635,        5109,
Środa Wielkopolska      1716,        5214,
Świątki                 2015,        5355,
Świątniki Górne         1958,        4956,
Świdnica wałbrzyskie  1629,        5050,
Świdnica zielonogór.  1525,        5153,
Świdnik                 2241,        5112,
Świdwin                 1547,        5347,
Świebodzice             1620,        5052,
Świebodzin              1532,        5215,
Świecie                 1826,        5325,
Świecie nad Osą         1906,        5327,
Świedziebnia            1933,        5309,
Świeradów-Zdrój         1521,        5054,
Świercze                2046,        5241,
Świerczów               1746,        5058,
Świerklaniec            1856,        5026,
Świerklany              1836,        5002,
Świerzawa               1554,        5101,
Świerzno                1457,        5357,
Świeszyno               1610,        5407,
Święciechowa            1631,        5152,
Święta Katarzyna        1707,        5102,
Świętajno olsztyńskie 2113,        5334,
Świętajno suwalskie   2220,        5400,
Świętochłowice          1855,        5019,
Świlcza                 2155,        5005,
Świnice Warckie         1856,        5202,
Świnna                  1915,        4940,
Świnoujście             1415,        5355,
Tarczyn                 2050,        5159,
Tarłów                  2143,        5100,
Tarnawatka              2324,        5032,
Tarnobrzeg              2141,        5035,
Tarnogród               2245,        5021,
Tarnopol                2536,        4934,
Tarnowiec               2136,        4943,
Tarnowo Podgórne        1640,        5228,
Tarnowskie Góry         1852,        5027,
Tarnów                  2100,        5002,
Tarnów Opolski          1805,        5035,
Tarnówka                1650,        5321,
Tatrzańska              1957,        4918,
Tąpkowice               1902,        5027,
Tczew                   1843,        5406,
Tczów                   2127,        5120,
Telatyn                 2350,        5032,
Teresin                 2025,        5212,
Terespol                2337,        5205,
Tereszpol               2253,        5034,
Tłuchowo                1928,        5245,
Tłuszcz                 2127,        5226,
Tokarnia                1953,        4944,
Tolkmicko               1931,        5419,
Tomaszów Lubelski       2325,        5027,
Tomaszów Mazowiecki     2002,        5132,
Tomice                  1929,        4954,
Topólka                 1843,        5231,
Toruń                   1837,        5302,
Torzym                  1504,        5219,
Toszek                  1831,        5028,
Trawniki                2301,        5108,
Trąbki Wielkie          1832,        5410,
Trojanów                2150,        5142,
Troszyn                 2144,        5302,
Tryńcza                 2233,        5010,
Trzcianka               1628,        5303,
Trzcianne               2241,        5321,
Trzciel                 1552,        5222,
Trzcinica               1801,        5110,
Trzcińsko-Zdrój         1435,        5258,
Trzebiatów              1515,        5404,
Trzebiechów             1544,        5202,
Trzebiel                1449,        5138,
Trzebielino             1706,        5412,
Trzebieszów             2233,        5159,
Trzebinia               1928,        5010,
Trzebnica               1704,        5118,
Trzebownisko            2202,        5005,
Trzemeszno              1749,        5234,
Trzeszczany             2344,        5049,
Trzyciąż                1946,        5019,
Trzydnik Duży           2209,        5051,
Tuchola                 1751,        5336,
Tuchomie                1720,        5407,
Tuchów                  2103,        4954,
Tuczępy                 2059,        5031,
Tuczna                  2326,        5153,
Tuczno                  1608,        5311,
Tuliszków               1818,        5204,
Tułowice                2017,        5222,
Tuplice                 1449,        5140,
Turawa                  1805,        5044,
Turek                   1830,        5201,
Turobin                 2245,        5049,
Turośl                  2144,        5323,
Turośń Kościelna        2303,        5301,
Tuszów Narodowy         2128,        5022,
Tuszyn                  1932,        5136,
Twardogóra              1728,        5122,
Tworóg                  1843,        5033,
Tychowo                 1615,        5355,
Tychy                   1859,        5008,
Tychy Paprocany         1900,        5006,
Tyczyn                  2202,        4958,
Tykocin                 2246,        5312,
Tymbark                 2019,        4944,
Tyrawa Wołoska          2222,        4934,
Tyszowice               2341,        5037,
Uchanie                 2339,        5055,
Udanin                  1627,        5102,
Ujazd opolskie        1821,        5024,
Ujazd piotrkowskie    1955,        5136,
Ujsoły                  1909,        4929,
Ujście                  1644,        5304,
Ulan-Majorat            2229,        5148,
Ulanów                  2217,        5030,
Ulhówek                 2348,        5027,
Ułęż                    2207,        5136,
Uniejów                 1848,        5158,
Unisław                 1823,        5313,
Urszulin                2312,        5124,
Urzędów                 2209,        5100,
Ustka                   1651,        5435,
Ustronie Morskie        1545,        5413,
Ustroń                  1849,        4943,
Ustrzyki Dolne          2236,        4926,
Uście Gorlickie         2108,        4931,
Uścimów                 2256,        5128,
Wadowice                1930,        4953,
Wadowice Górne          2118,        5016,
Walce                   1800,        5022,
Walim                   1627,        5042,
Wałbrzych               1617,        5047,
Wałcz                   1627,        5316,
Wapno                   1728,        5254,
Warka                   2112,        5147,
Warlubie                1838,        5335,
Warnice                 1459,        5315,
Warszawa                2102,        5212,
Warszawa Mokotów        2103,        5209,
Warszawa Ochota         2059,        5212,
Warszawa Praga Południe 2110,        5212,
Warszawa Praga Północ   2103,        5217,
Warszawa Śródmieście    2101,        5213,
Warszawa Wola           2056,        5214,
Warszawa Żoliborz       2056,        5216,
Warta                   1838,        5142,
Warta Bolesławiecka     1539,        5114,
Wartkowice              1901,        5158,
Wasilków                2312,        5312,
Waśniów                 2013,        5054,
Wąbrzeźno               1857,        5317,
Wąchock                 2101,        5105,
Wądroże Wielkie         1620,        5107,
Wągrowiec               1712,        5248,
Wąpielsk                1917,        5308,
Wąsewo                  2141,        5253,
Wąsosz                  1641,        5134,
Wąwolnica               2209,        5117,
Wejherowo               1815,        5436,
Werbkowice              2346,        5045,
Węgierska Górka         1907,        4937,
Węgliniec               1513,        5117,
Węgorzewo               2145,        5413,
Węgorzyno               1533,        5332,
Węgrów                  2201,        5224,
Wiązowna                2118,        5211,
Wiązownica              2242,        5005,
Wiązów                  1717,        5049,
Wicko                   1737,        5440,
Widawa                  1857,        5126,
Widuchowa               1422,        5307,
Wieczfnia Kościelna     2029,        5312,
Wielbark                2056,        5324,
Wieleń                  1610,        5254,
Wielgie                 1916,        5245,
Wielgomłyny             1946,        5101,
Wielichowo              1621,        5207,
Wieliczka               2003,        4959,
Wieliczki               2234,        5359,
Wielka Nieszawka        1829,        5300,
Wielka Wieś             1951,        5010,
Wielke Oczy             2310,        5001,
Wielopole Skrzyńskie    2137,        4957,
Wielowieś               1837,        5031,
Wieluń                  1834,        5113,
Wieniawa                2048,        5122,
Wieprz                  1922,        4954,
Wieruszów               1810,        5117,
Wierzbica chełmskie   2319,        5116,
Wierzbica radomskie   2105,        5115,
Wierzbinek              1831,        5226,
Wierzbno                2151,        5218,
Wierzchlas              1840,        5112,
Wierzchosławice         2052,        5002,
Wierzchowo              1606,        5327,
Wietrzychowice          2046,        5012,
Więcbork                1729,        5321,
Wijewo                  1611,        5155,
Wilamowice              1909,        4955,
Wilczęta                1953,        5410,
Wilczyce                2140,        5045,
Wilczyn                 1810,        5229,
Wilejka                 2653,        5430,
Wilga                   2123,        5152,
Wilkołaz                2221,        5101,
Wilkowice               1906,        4946,
Wilków lubelskie      2153,        5116,
Wilków opolskie       1739,        5106,
Wilno                   2519,        5441,
Winnica                 2057,        5239,
Wińsko                  1637,        5123,
Wiskitki                2023,        5205,
Wisła                   1852,        4939,
Wisznia Mała            1703,        5115,
Wisznice                2313,        5148,
Wiślica                 2041,        5021,
Wiśniew                 2217,        5205,
Wiśniewo                2021,        5304,
Wiśniowa krakowskie   2006,        4948,
Wiśniowa rzeszowskie  2139,        4952,
Witkowo                 1747,        5226,
Witnica                 1453,        5241,
Witonia                 1918,        5208,
Wizna                   2223,        5313,
Wiżajny                 2252,        5422,
Wleń                    1541,        5101,
Władysławowo            1824,        5448,
Władysławów             1829,        5206,
Włocławek               1903,        5239,
Włodawa                 2333,        5133,
Włodowice               1927,        5033,
Włodzimierz Wołyński    2420,        5051,
Włoszakowice            1622,        5156,
Włoszczowa              1958,        5051,
Wodynie                 2157,        5202,
Wodzierady              1909,        5143,
Wodzisław               2011,        5031,
Wodzisław Śląski        1828,        5001,
Wohyń                   2247,        5146,
Wojaszówka              2141,        4947,
Wojciechowice           2135,        5051,
Wojciechów              2215,        5114,
Wojcieszków             2219,        5146,
Wojcieszów              1555,        5058,
Wojnicz                 2050,        4958,
Wojsławice              2333,        5055,
Wola Krzysztoporska     1935,        5121,
Wola Mysłowska          2157,        5151,
Wola Uhruska            2338,        5119,
Wolanów                 2059,        5123,
Wolbórz                 1950,        5131,
Wolbrom                 1946,        5023,
Wolin                   1431,        5350,
Wolsztyn                1607,        5207,
Wołczyn                 1803,        5101,
Wołkowysk               2428,        5310,
Wołomin                 2114,        5221,
Wołów                   1639,        5121,
Woźniki                 1904,        5035,
Wólka                   2239,        5116,
Wręczyca Wielka         1855,        5050,
Wrocław                 1702,        5107,
Wrocław Fabryczna       1657,        5108,
Wrocław Krzyki          1704,        5108,
Wrocław Psie Pole       1707,        5108,
Wrocław Stare Miasto    1703,        5106,
Wrocław Śródmieście     1703,        5107,
Wronki                  1622,        5243,
Wróblew                 1837,        5136,
Września                1735,        5220,
Wschowa                 1618,        5148,
Wydminy                 2202,        5359,
Wymiarki                1505,        5131,
Wyryki                  2323,        5133,
Wyrzysk                 1716,        5309,
Wysoka                  1704,        5311,
Wysokie                 2240,        5045,
Wysokie Mazowieckie     2230,        5255,
Wyszki                  2259,        5251,
Wyszków                 2127,        5236,
Wyszogród               2012,        5223,
Wyśmierzyce             2048,        5138,
Zabierzów               1948,        5007,
Zabłudów                2321,        5301,
Zabór                   1543,        5157,
Zabrodzie               2126,        5230,
Zabrze                  1847,        5018,
Zadzim                  1851,        5146,
Zagnańsk                2041,        5058,
Zagórów                 1754,        5210,
Zagórz                  2216,        4931,
Zagrodno                1552,        5112,
Zakliczyn               2049,        4951,
Zaklików                2207,        5046,
Zakopane                1957,        4918,
Zakroczym               2037,        5226,
Zakrzew radomskie     2100,        5127,
Zakrzew zamojskie     2236,        5054,
Zakrzewo pilskie      1708,        5325,
Zakrzewo włocławskie  1837,        5245,
Zakrzówek               2222,        5056,
Zalesie                 2323,        5202,
Zaleszany               2154,        5039,
Zalewo                  1936,        5351,
Załuski                 2031,        5232,
Zambrów                 2215,        5259,
Zamość                  2316,        5043,
Zaniemyśl               1710,        5210,
Zapolice                1853,        5132,
Zaręby Kościelne        2208,        5246,
Zarszyn                 4935,        2201,
Zarzecze                2232,        4959,
Zator                   1926,        4959,
Zatory                  2111,        5236,
Zawady                  2239,        5309,
Zawadzkie               1829,        5037,
Zawichost               2151,        5049,
Zawidów                 1504,        5101,
Zawidz                  1952,        5249,
Zawiercie               1925,        5030,
Zawoja                  1934,        4940,
Zawonia                 1712,        5119,
Ząbki                   2107,        5217,
Ząbkowice Śląskie       1649,        5035,
Zbąszynek               1549,        5215,
Zbąszyń                 1555,        5215,
Zbiczno                 1923,        5320,
Zblewo                  1820,        5356,
Zbójna                  2147,        5315,
Zbójno                  1909,        5300,
Zbrosławice             1845,        5025,
Zbuczyn Poduchowny      2206,        5206,
Zduny kaliskie        1722,        5138,
Zduny skierniewickie  1948,        5209,
Zduńska Wola            1856,        5136,
Zdzieszowice            1807,        5025,
Zebrzydowice            1837,        4953,
Zelów                   1913,        5128,
Zembrzyce               1936,        4946,
Zębowice                1821,        5046,
Zgierz                  1925,        5152,
Zgorzelec               1501,        5109,
Zielona Góra            1530,        5156,
Zielonka                2109,        5218,
Zielonki                1955,        5007,
Ziębice                 1703,        5037,
Zławieś Wielka          1820,        5306,
Złocieniec              1600,        5332,
Złoczew                 1837,        5125,
Złoczów                 2452,        4947,
Złota                   2036,        5023,
Złotniki Kujawskie      1809,        5254,
Złotoryja               1555,        5108,
Złotów                  1702,        5322,
Złoty Stok              1652,        5027,
Zwierzyn                1533,        5249,
Zwierzyniec             2258,        5037,
Zwoleń                  2136,        5122,
Żabia Wola              2041,        5202,
Żabno                   2053,        5007,
Żagań                   1519,        5137,
Żarki                   1922,        5038,
Żarnowiec               1952,        5029,
Żarnów                  2011,        5115,
Żarów                   1630,        5057,
Żary                    1508,        5138,
Żelechów                2154,        5149,
Żegocina                2025,        4948,
Żelazków                1811,        5151,
Żelechlinek             2002,        5143,
Żelechów                2154,        5149,
Żerków                  1734,        5204,
Żmigród                 1654,        5128,
Żmudź                   2340,        5101,
Żnin                    1743,        5251,
Żołynia                 2218,        5010,
Żory                    1842,        5003,
Żółkiewka               2250,        5054,
Żórawina                1703,        5059,
Żukowice                1559,        5140,
Żukowo                  1821,        5421,
Żurawica                2247,        4949,
Żuromin                 1954,        5304,
Żychlin                 1937,        5215,
Żyraków                 2125,        5006,
Żyrardów                2026,        5203,
Żyrzyn                  2206,        5130,
Żytno                   1937,        5056,
Żywiec                  1912,        4942,

